Denis ---;https://rabota.ua/cv/12844118
Pasha;https://rabota.ua/cv/14086362
Taras;https://rabota.ua/cv/13619562
Anastasiia;https://rabota.ua/cv/13712617
Ростислав;https://rabota.ua/cv/11774369
Влад Олегович;https://rabota.ua/cv/12105529
Андрей;https://rabota.ua/cv/11269672
Богдан;https://rabota.ua/cv/11837240
Юрій Миколайович;https://rabota.ua/cv/10380078
Mykhailo;https://rabota.ua/cv/13107271
Иван Дмитриевич;https://rabota.ua/cv/14082160
Віктор;https://rabota.ua/cv/11079034
Женя;https://rabota.ua/cv/9992396
Taras;https://rabota.ua/cv/13421259
Лиза;https://rabota.ua/cv/12250153
Maksym;https://rabota.ua/cv/13093652
Valentin;https://rabota.ua/cv/11853319
Валерий;https://rabota.ua/cv/8446577
Александр;https://rabota.ua/cv/13910852
Вячеслав;https://rabota.ua/cv/9597651
